{"paths": {"admin/js/vendor/select2/i18n/af.js": "admin/js/vendor/select2/i18n/af.4f6fcd73488c.js", "admin/js/vendor/select2/i18n/ar.js": "admin/js/vendor/select2/i18n/ar.65aa8e36bf5d.js", "admin/js/vendor/select2/i18n/az.js": "admin/js/vendor/select2/i18n/az.270c257daf81.js", "admin/js/vendor/select2/i18n/bg.js": "admin/js/vendor/select2/i18n/bg.39b8be30d4f0.js", "admin/js/vendor/select2/i18n/bn.js": "admin/js/vendor/select2/i18n/bn.6d42b4dd5665.js", "admin/js/vendor/select2/i18n/bs.js": "admin/js/vendor/select2/i18n/bs.91624382358e.js", "admin/js/vendor/select2/i18n/ca.js": "admin/js/vendor/select2/i18n/ca.a166b745933a.js", "admin/js/vendor/select2/i18n/cs.js": "admin/js/vendor/select2/i18n/cs.4f43e8e7d33a.js", "admin/js/vendor/select2/i18n/da.js": "admin/js/vendor/select2/i18n/da.766346afe4dd.js", "admin/js/vendor/select2/i18n/de.js": "admin/js/vendor/select2/i18n/de.8a1c222b0204.js", "admin/js/vendor/select2/i18n/dsb.js": "admin/js/vendor/select2/i18n/dsb.56372c92d2f1.js", "admin/js/vendor/select2/i18n/el.js": "admin/js/vendor/select2/i18n/el.27097f071856.js", "admin/js/vendor/select2/i18n/en.js": "admin/js/vendor/select2/i18n/en.cf932ba09a98.js", "admin/js/vendor/select2/i18n/es.js": "admin/js/vendor/select2/i18n/es.66dbc2652fb1.js", "admin/js/vendor/select2/i18n/et.js": "admin/js/vendor/select2/i18n/et.2b96fd98289d.js", "admin/js/vendor/select2/i18n/eu.js": "admin/js/vendor/select2/i18n/eu.adfe5c97b72c.js", "admin/js/vendor/select2/i18n/fa.js": "admin/js/vendor/select2/i18n/fa.3b5bd1961cfd.js", "admin/js/vendor/select2/i18n/fi.js": "admin/js/vendor/select2/i18n/fi.614ec42aa9ba.js", "admin/js/vendor/select2/i18n/fr.js": "admin/js/vendor/select2/i18n/fr.05e0542fcfe6.js", "admin/js/vendor/select2/i18n/gl.js": "admin/js/vendor/select2/i18n/gl.d99b1fedaa86.js", "admin/js/vendor/select2/i18n/he.js": "admin/js/vendor/select2/i18n/he.e420ff6cd3ed.js", "admin/js/vendor/select2/i18n/hi.js": "admin/js/vendor/select2/i18n/hi.70640d41628f.js", "admin/js/vendor/select2/i18n/hr.js": "admin/js/vendor/select2/i18n/hr.a2b092cc1147.js", "admin/js/vendor/select2/i18n/hsb.js": "admin/js/vendor/select2/i18n/hsb.fa3b55265efe.js", "admin/js/vendor/select2/i18n/hu.js": "admin/js/vendor/select2/i18n/hu.6ec6039cb8a3.js", "admin/js/vendor/select2/i18n/hy.js": "admin/js/vendor/select2/i18n/hy.c7babaeef5a6.js", "admin/js/vendor/select2/i18n/id.js": "admin/js/vendor/select2/i18n/id.04debded514d.js", "admin/js/vendor/select2/i18n/is.js": "admin/js/vendor/select2/i18n/is.3ddd9a6a97e9.js", "admin/js/vendor/select2/i18n/it.js": "admin/js/vendor/select2/i18n/it.be4fe8d365b5.js", "admin/js/vendor/select2/i18n/ja.js": "admin/js/vendor/select2/i18n/ja.170ae885d74f.js", "admin/js/vendor/select2/i18n/ka.js": "admin/js/vendor/select2/i18n/ka.2083264a54f0.js", "admin/js/vendor/select2/i18n/km.js": "admin/js/vendor/select2/i18n/km.c23089cb06ca.js", "admin/js/vendor/select2/i18n/ko.js": "admin/js/vendor/select2/i18n/ko.e7be6c20e673.js", "admin/js/vendor/select2/i18n/lt.js": "admin/js/vendor/select2/i18n/lt.23c7ce903300.js", "admin/js/vendor/select2/i18n/lv.js": "admin/js/vendor/select2/i18n/lv.08e62128eac1.js", "admin/js/vendor/select2/i18n/mk.js": "admin/js/vendor/select2/i18n/mk.dabbb9087130.js", "admin/js/vendor/select2/i18n/ms.js": "admin/js/vendor/select2/i18n/ms.4ba82c9a51ce.js", "admin/js/vendor/select2/i18n/nb.js": "admin/js/vendor/select2/i18n/nb.da2fce143f27.js", "admin/js/vendor/select2/i18n/ne.js": "admin/js/vendor/select2/i18n/ne.3d79fd3f08db.js", "admin/js/vendor/select2/i18n/nl.js": "admin/js/vendor/select2/i18n/nl.997868a37ed8.js", "admin/js/vendor/select2/i18n/pl.js": "admin/js/vendor/select2/i18n/pl.6031b4f16452.js", "admin/js/vendor/select2/i18n/ps.js": "admin/js/vendor/select2/i18n/ps.38dfa47af9e0.js", "admin/js/vendor/select2/i18n/pt-BR.js": "admin/js/vendor/select2/i18n/pt-BR.e1b294433e7f.js", "admin/js/vendor/select2/i18n/pt.js": "admin/js/vendor/select2/i18n/pt.33b4a3b44d43.js", "admin/js/vendor/select2/i18n/ro.js": "admin/js/vendor/select2/i18n/ro.f75cb460ec3b.js", "admin/js/vendor/select2/i18n/ru.js": "admin/js/vendor/select2/i18n/ru.934aa95f5b5f.js", "admin/js/vendor/select2/i18n/sk.js": "admin/js/vendor/select2/i18n/sk.33d02cef8d11.js", "admin/js/vendor/select2/i18n/sl.js": "admin/js/vendor/select2/i18n/sl.131a78bc0752.js", "admin/js/vendor/select2/i18n/sq.js": "admin/js/vendor/select2/i18n/sq.5636b60d29c9.js", "admin/js/vendor/select2/i18n/sr-Cyrl.js": "admin/js/vendor/select2/i18n/sr-Cyrl.f254bb8c4c7c.js", "admin/js/vendor/select2/i18n/sr.js": "admin/js/vendor/select2/i18n/sr.5ed85a48f483.js", "admin/js/vendor/select2/i18n/sv.js": "admin/js/vendor/select2/i18n/sv.7a9c2f71e777.js", "admin/js/vendor/select2/i18n/th.js": "admin/js/vendor/select2/i18n/th.f38c20b0221b.js", "admin/js/vendor/select2/i18n/tk.js": "admin/js/vendor/select2/i18n/tk.7c572a68c78f.js", "admin/js/vendor/select2/i18n/tr.js": "admin/js/vendor/select2/i18n/tr.b5a0643d1545.js", "admin/js/vendor/select2/i18n/uk.js": "admin/js/vendor/select2/i18n/uk.8cede7f4803c.js", "admin/js/vendor/select2/i18n/vi.js": "admin/js/vendor/select2/i18n/vi.097a5b75b3e1.js", "admin/js/vendor/select2/i18n/zh-CN.js": "admin/js/vendor/select2/i18n/zh-CN.2cff662ec5f9.js", "admin/js/vendor/select2/i18n/zh-TW.js": "admin/js/vendor/select2/i18n/zh-TW.04554a227c2b.js", "assets/vendor/bootstrap/css/bootstrap-grid.css": "assets/vendor/bootstrap/css/bootstrap-grid.5e1c38e1f5a9.css", "assets/vendor/bootstrap/css/bootstrap-grid.css.map": "assets\\vendor\\bootstrap\\css\\bootstrap-grid.css.e351b86c7ef7.map", "assets/vendor/bootstrap/css/bootstrap-grid.min.css": "assets/vendor/bootstrap/css/bootstrap-grid.min.9dba49f6302e.css", "assets/vendor/bootstrap/css/bootstrap-grid.min.css.map": "assets\\vendor\\bootstrap\\css\\bootstrap-grid.min.css.8d3849767c32.map", "assets/vendor/bootstrap/css/bootstrap-grid.rtl.css": "assets/vendor/bootstrap/css/bootstrap-grid.rtl.f5179551e380.css", "assets/vendor/bootstrap/css/bootstrap-grid.rtl.css.map": "assets\\vendor\\bootstrap\\css\\bootstrap-grid.rtl.css.1e511e24d5d9.map", "assets/vendor/bootstrap/css/bootstrap-grid.rtl.min.css": "assets/vendor/bootstrap/css/bootstrap-grid.rtl.min.0ca28e16413a.css", "assets/vendor/bootstrap/css/bootstrap-grid.rtl.min.css.map": "assets\\vendor\\bootstrap\\css\\bootstrap-grid.rtl.min.css.6353fe853fc0.map", "assets/vendor/bootstrap/css/bootstrap-reboot.css": "assets/vendor/bootstrap/css/bootstrap-reboot.c1ad16553852.css", "assets/vendor/bootstrap/css/bootstrap-reboot.css.map": "assets\\vendor\\bootstrap\\css\\bootstrap-reboot.css.87d4f15f898d.map", "assets/vendor/bootstrap/css/bootstrap-reboot.min.css": "assets/vendor/bootstrap/css/bootstrap-reboot.min.05f26f037387.css", "assets/vendor/bootstrap/css/bootstrap-reboot.min.css.map": "assets\\vendor\\bootstrap\\css\\bootstrap-reboot.min.css.77af365e43d7.map", "assets/vendor/bootstrap/css/bootstrap-reboot.rtl.css": "assets/vendor/bootstrap/css/bootstrap-reboot.rtl.bafc8725e77f.css", "assets/vendor/bootstrap/css/bootstrap-reboot.rtl.css.map": "assets\\vendor\\bootstrap\\css\\bootstrap-reboot.rtl.css.d57e6542d114.map", "assets/vendor/bootstrap/css/bootstrap-reboot.rtl.min.css": "assets/vendor/bootstrap/css/bootstrap-reboot.rtl.min.c8e6bf40757c.css", "assets/vendor/bootstrap/css/bootstrap-reboot.rtl.min.css.map": "assets\\vendor\\bootstrap\\css\\bootstrap-reboot.rtl.min.css.78fc018c332a.map", "assets/vendor/bootstrap/css/bootstrap-utilities.css": "assets/vendor/bootstrap/css/bootstrap-utilities.caa5e2d79a92.css", "assets/vendor/bootstrap/css/bootstrap-utilities.css.map": "assets\\vendor\\bootstrap\\css\\bootstrap-utilities.css.64d5e3abbf30.map", "assets/vendor/bootstrap/css/bootstrap-utilities.min.css": "assets/vendor/bootstrap/css/bootstrap-utilities.min.17ef377fea6c.css", "assets/vendor/bootstrap/css/bootstrap-utilities.min.css.map": "assets\\vendor\\bootstrap\\css\\bootstrap-utilities.min.css.399e63138fe9.map", "assets/vendor/bootstrap/css/bootstrap-utilities.rtl.css": "assets/vendor/bootstrap/css/bootstrap-utilities.rtl.c499de1401e4.css", "assets/vendor/bootstrap/css/bootstrap-utilities.rtl.css.map": "assets\\vendor\\bootstrap\\css\\bootstrap-utilities.rtl.css.76f1ec432994.map", "assets/vendor/bootstrap/css/bootstrap-utilities.rtl.min.css": "assets/vendor/bootstrap/css/bootstrap-utilities.rtl.min.0472aaca6b2f.css", "assets/vendor/bootstrap/css/bootstrap-utilities.rtl.min.css.map": "assets\\vendor\\bootstrap\\css\\bootstrap-utilities.rtl.min.css.5055b5fd4188.map", "assets/vendor/bootstrap/css/bootstrap.css": "assets/vendor/bootstrap/css/bootstrap.b822dec4a4a9.css", "assets/vendor/bootstrap/css/bootstrap.css.map": "assets\\vendor\\bootstrap\\css\\bootstrap.css.58477a63c102.map", "assets/vendor/bootstrap/css/bootstrap.min.css": "assets/vendor/bootstrap/css/bootstrap.min.edf0779261db.css", "assets/vendor/bootstrap/css/bootstrap.min.css.map": "assets\\vendor\\bootstrap\\css\\bootstrap.min.css.f12f498b6e53.map", "assets/vendor/bootstrap/css/bootstrap.rtl.css": "assets/vendor/bootstrap/css/bootstrap.rtl.c5937864789d.css", "assets/vendor/bootstrap/css/bootstrap.rtl.css.map": "assets\\vendor\\bootstrap\\css\\bootstrap.rtl.css.77a746882178.map", "assets/vendor/bootstrap/css/bootstrap.rtl.min.css": "assets/vendor/bootstrap/css/bootstrap.rtl.min.0a633242e3bd.css", "assets/vendor/bootstrap/css/bootstrap.rtl.min.css.map": "assets\\vendor\\bootstrap\\css\\bootstrap.rtl.min.css.badcc2667b65.map", "assets/vendor/bootstrap/css/prb.txt": "assets\\vendor\\bootstrap\\css\\prb.1d9cdd18a4a4.txt", "assets/vendor/bootstrap/js/bootstrap.bundle.js": "assets/vendor/bootstrap/js/bootstrap.bundle.0e08a04986b8.js", "assets/vendor/bootstrap/js/bootstrap.bundle.js.map": "assets\\vendor\\bootstrap\\js\\bootstrap.bundle.js.6ee76e84af15.map", "assets/vendor/bootstrap/js/bootstrap.bundle.min.js": "assets/vendor/bootstrap/js/bootstrap.bundle.min.1994b024f8ad.js", "assets/vendor/bootstrap/js/bootstrap.bundle.min.js.map": "assets\\vendor\\bootstrap\\js\\bootstrap.bundle.min.js.98d27f96e93b.map", "assets/vendor/bootstrap/js/bootstrap.esm.js": "assets/vendor/bootstrap/js/bootstrap.esm.92fbcfcfd329.js", "assets/vendor/bootstrap/js/bootstrap.esm.js.map": "assets\\vendor\\bootstrap\\js\\bootstrap.esm.js.55e7e8bccc1c.map", "assets/vendor/bootstrap/js/bootstrap.esm.min.js": "assets/vendor/bootstrap/js/bootstrap.esm.min.4e1cd295d5df.js", "assets/vendor/bootstrap/js/bootstrap.esm.min.js.map": "assets\\vendor\\bootstrap\\js\\bootstrap.esm.min.js.601290df4bad.map", "assets/vendor/bootstrap/js/bootstrap.js": "assets/vendor/bootstrap/js/bootstrap.896ba7973aab.js", "assets/vendor/bootstrap/js/bootstrap.js.map": "assets\\vendor\\bootstrap\\js\\bootstrap.js.1159439d84d8.map", "assets/vendor/bootstrap/js/bootstrap.min.js": "assets/vendor/bootstrap/js/bootstrap.min.3014ed547a4b.js", "assets/vendor/bootstrap/js/bootstrap.min.js.map": "assets\\vendor\\bootstrap\\js\\bootstrap.min.js.fb5a1f9f07a2.map", "assets/vendor/bootstrap-icons/fonts/bootstrap-icons.woff": "assets\\vendor\\bootstrap-icons\\fonts\\bootstrap-icons.ba49e8448923.woff", "assets/vendor/bootstrap-icons/fonts/bootstrap-icons.woff2": "assets\\vendor\\bootstrap-icons\\fonts\\bootstrap-icons.cc1e5eda776b.woff2", "assets/vendor/glightbox/css/glightbox.css": "assets/vendor/glightbox/css/glightbox.76e8ba51c713.css", "assets/vendor/glightbox/css/glightbox.min.css": "assets/vendor/glightbox/css/glightbox.min.9b438b29cef1.css", "assets/vendor/glightbox/js/glightbox.js": "assets/vendor/glightbox/js/glightbox.ff46f9ad3b23.js", "assets/vendor/glightbox/js/glightbox.min.js": "assets/vendor/glightbox/js/glightbox.min.3e80bc0db9ea.js", "admin/css/vendor/select2/LICENSE-SELECT2.md": "admin\\css\\vendor\\select2\\LICENSE-SELECT2.f94142512c91.md", "admin/css/vendor/select2/select2.css": "admin/css/vendor/select2/select2.a2194c262648.css", "admin/css/vendor/select2/select2.min.css": "admin/css/vendor/select2/select2.min.9f54e6414f87.css", "admin/js/vendor/jquery/jquery.js": "admin/js/vendor/jquery/jquery.12e87d2f3a4c.js", "admin/js/vendor/jquery/jquery.min.js": "admin/js/vendor/jquery/jquery.min.2c872dbe60f4.js", "admin/js/vendor/jquery/LICENSE.txt": "admin\\js\\vendor\\jquery\\LICENSE.de877aa6d744.txt", "admin/js/vendor/select2/LICENSE.md": "admin\\js\\vendor\\select2\\LICENSE.f94142512c91.md", "admin/js/vendor/select2/select2.full.js": "admin/js/vendor/select2/select2.full.c2afdeda3058.js", "admin/js/vendor/select2/select2.full.min.js": "admin/js/vendor/select2/select2.full.min.fcd7500d8e13.js", "admin/js/vendor/xregexp/LICENSE.txt": "admin\\js\\vendor\\xregexp\\LICENSE.b6fd2ceea8d3.txt", "admin/js/vendor/xregexp/xregexp.js": "admin/js/vendor/xregexp/xregexp.a7e08b0ce686.js", "admin/js/vendor/xregexp/xregexp.min.js": "admin/js/vendor/xregexp/xregexp.min.f1ae4617847c.js", "assets/images/blog/blog-1.jpg": "assets\\images\\blog\\blog-1.104a9df65e5d.jpg", "assets/images/blog/blog-2.jpg": "assets\\images\\blog\\blog-2.033112e1fcd8.jpg", "assets/images/blog/blog-3.jpg": "assets\\images\\blog\\blog-3.5125d55a8fbf.jpg", "assets/images/blog/blog-4.jpg": "assets\\images\\blog\\blog-4.2dbf8fdc5475.jpg", "assets/images/blog/blog-inside-post.jpg": "assets\\images\\blog\\blog-inside-post.e1d7fedfedc5.jpg", "assets/images/blog/blog-recent-1.jpg": "assets\\images\\blog\\blog-recent-1.0e8571f16a05.jpg", "assets/images/blog/blog-recent-2.jpg": "assets\\images\\blog\\blog-recent-2.b13e3dc2831f.jpg", "assets/images/blog/blog-recent-3.jpg": "assets\\images\\blog\\blog-recent-3.7adff20e2362.jpg", "assets/images/blog/blog-recent-4.jpg": "assets\\images\\blog\\blog-recent-4.8da8efda9c9d.jpg", "assets/images/blog/blog-recent-5.jpg": "assets\\images\\blog\\blog-recent-5.5125d55a8fbf.jpg", "assets/images/blog/comments-1.jpg": "assets\\images\\blog\\comments-1.c38e7ac9d2e3.jpg", "assets/images/blog/comments-2.jpg": "assets\\images\\blog\\comments-2.22c9ae40fa9a.jpg", "assets/images/blog/comments-3.jpg": "assets\\images\\blog\\comments-3.c7beb9734e5b.jpg", "assets/images/blog/comments-4.jpg": "assets\\images\\blog\\comments-4.4396223dba1b.jpg", "assets/images/blog/comments-5.jpg": "assets\\images\\blog\\comments-5.b8e0d3f0967d.jpg", "assets/images/blog/comments-6.jpg": "assets\\images\\blog\\comments-6.a2530c62a2e4.jpg", "assets/images/clients/client-1.png": "assets\\images\\clients\\client-1.7858c8649bf0.png", "assets/images/clients/client-2.png": "assets\\images\\clients\\client-2.a817fd01655e.png", "assets/images/clients/client-3.png": "assets\\images\\clients\\client-3.4ea6a295b35c.png", "assets/images/clients/client-4.png": "assets\\images\\clients\\client-4.10716ed58dca.png", "assets/images/clients/client-5.png": "assets\\images\\clients\\client-5.78bf4efe7858.png", "assets/images/clients/client-6.png": "assets\\images\\clients\\client-6.acc1c102666d.png", "assets/images/hero-carousel/hero-carousel-1.jpg": "assets\\images\\hero-carousel\\hero-carousel-1.1b5898193bb7.jpg", "assets/images/hero-carousel/hero-carousel-2.jpg": "assets\\images\\hero-carousel\\hero-carousel-2.fa793cb16d1c.jpg", "assets/images/hero-carousel/hero-carousel-3.jpg": "assets\\images\\hero-carousel\\hero-carousel-3.895f15496ebb.jpg", "assets/images/masonry-portfolio/masonry-portfolio-1.jpg": "assets\\images\\masonry-portfolio\\masonry-portfolio-1.a768aca7c7ba.jpg", "assets/images/masonry-portfolio/masonry-portfolio-2.jpg": "assets\\images\\masonry-portfolio\\masonry-portfolio-2.bb980365153b.jpg", "assets/images/masonry-portfolio/masonry-portfolio-3.jpg": "assets\\images\\masonry-portfolio\\masonry-portfolio-3.1391bbb5a700.jpg", "assets/images/masonry-portfolio/masonry-portfolio-4.jpg": "assets\\images\\masonry-portfolio\\masonry-portfolio-4.5d93782c74bd.jpg", "assets/images/masonry-portfolio/masonry-portfolio-5.jpg": "assets\\images\\masonry-portfolio\\masonry-portfolio-5.a4e3fca3c782.jpg", "assets/images/masonry-portfolio/masonry-portfolio-6.jpg": "assets\\images\\masonry-portfolio\\masonry-portfolio-6.12be97d49fc5.jpg", "assets/images/masonry-portfolio/masonry-portfolio-7.jpg": "assets\\images\\masonry-portfolio\\masonry-portfolio-7.8c72cb39bb69.jpg", "assets/images/masonry-portfolio/masonry-portfolio-8.jpg": "assets\\images\\masonry-portfolio\\masonry-portfolio-8.5d670bd4b2cd.jpg", "assets/images/masonry-portfolio/masonry-portfolio-9.jpg": "assets\\images\\masonry-portfolio\\masonry-portfolio-9.84b00c0f8a02.jpg", "assets/images/portfolio/app-1.jpg": "assets\\images\\portfolio\\app-1.8665e799dd54.jpg", "assets/images/portfolio/books-1.jpg": "assets\\images\\portfolio\\books-1.fa77ff5b5927.jpg", "assets/images/portfolio/branding-1.jpg": "assets\\images\\portfolio\\branding-1.784653cb6e71.jpg", "assets/images/portfolio/product-1.jpg": "assets\\images\\portfolio\\product-1.0eeac7e89d80.jpg", "assets/images/tabs/tab-1.png": "assets\\images\\tabs\\tab-1.e7d068389b8b.png", "assets/images/tabs/tab-2.png": "assets\\images\\tabs\\tab-2.21b36dd69135.png", "assets/images/tabs/tab-3.png": "assets\\images\\tabs\\tab-3.002ce5717a43.png", "assets/images/tabs/tab-4.png": "assets\\images\\tabs\\tab-4.60f784babaca.png", "assets/images/tabs/tab-5.png": "assets\\images\\tabs\\tab-5.27e7087ae925.png", "assets/images/tashkent_files/1519218157_0-pohod-p.jpg": "assets\\images\\tashkent_files\\1519218157_0-pohod-p.dc5fcf58ea16.jpg", "assets/images/tashkent_files/1_new.png": "assets\\images\\tashkent_files\\1_new.34501b31deda.png", "assets/images/tashkent_files/8-0-0-0-0-1583322935.png": "assets\\images\\tashkent_files\\8-0-0-0-0-1583322935.9ed5519ae1b6.png", "assets/images/tashkent_files/booked-wzs-widget-160x275.css": "assets/images/tashkent_files/booked-wzs-widget-160x275.f742545add16.css", "assets/images/tashkent_files/cloud_033(1).png": "assets\\images\\tashkent_files\\cloud_033(1).34ad2e06f819.png", "assets/images/tashkent_files/cloud_033.png": "assets\\images\\tashkent_files\\cloud_033.acf99e5e5a3e.png", "assets/images/tashkent_files/custom.css": "assets/images/tashkent_files/custom.8c6c38ca162d.css", "assets/images/tashkent_files/hammer.min.js.\u0411\u0435\u0437 \u043d\u0430\u0437\u0432\u0430\u043d\u0438\u044f": "assets\\images\\tashkent_files\\hammer.min.js.deb120e03646.\u0411\u0435\u0437 \u043d\u0430\u0437\u0432\u0430\u043d\u0438\u044f", "assets/images/tashkent_files/IMG_1324.jpg": "assets\\images\\tashkent_files\\IMG_1324.94f65ecbcfbf.jpg", "assets/images/tashkent_files/info": "assets\\images\\tashkent_files\\info.7668c8c91f5f", "assets/images/tashkent_files/info(1)": "assets\\images\\tashkent_files\\info(1).45ae5fd1d0cf", "assets/images/tashkent_files/info(2)": "assets\\images\\tashkent_files\\info(2).3dda618e91e2", "assets/images/tashkent_files/info(3)": "assets\\images\\tashkent_files\\info(3).5d1259280053", "assets/images/tashkent_files/info(4)": "assets\\images\\tashkent_files\\info(4).ad5c49ba6512", "assets/images/tashkent_files/jquery-1.10.2.min.js.\u0411\u0435\u0437 \u043d\u0430\u0437\u0432\u0430\u043d\u0438\u044f": "assets\\images\\tashkent_files\\jquery-1.10.2.min.js.bdce12c949e7.\u0411\u0435\u0437 \u043d\u0430\u0437\u0432\u0430\u043d\u0438\u044f", "assets/images/tashkent_files/Map_II.png": "assets\\images\\tashkent_files\\Map_II.b7804c69fe41.png", "assets/images/tashkent_files/masonry-imagesloaded.min.js.\u0411\u0435\u0437 \u043d\u0430\u0437\u0432\u0430\u043d\u0438\u044f": "assets\\images\\tashkent_files\\masonry-imagesloaded.min.js.3ee330135e3e.\u0411\u0435\u0437 \u043d\u0430\u0437\u0432\u0430\u043d\u0438\u044f", "assets/images/tashkent_files/photo(1).JPG": "assets\\images\\tashkent_files\\photo(1).fe30ac7cfff2.JPG", "assets/images/tashkent_files/photo(2).jpg": "assets\\images\\tashkent_files\\photo(2).5e89657cd841.jpg", "assets/images/tashkent_files/photo.JPG": "assets\\images\\tashkent_files\\photo.94f65ecbcfbf.JPG", "assets/images/tashkent_files/samarkand-2399796_19.jpg": "assets\\images\\tashkent_files\\samarkand-2399796_19.94f65ecbcfbf.jpg", "assets/images/tashkent_files/saved_resource": "assets\\images\\tashkent_files\\saved_resource.10a50de4014b", "assets/images/tashkent_files/tag.js.\u0411\u0435\u0437 \u043d\u0430\u0437\u0432\u0430\u043d\u0438\u044f": "assets\\images\\tashkent_files\\tag.js.1ed982762561.\u0411\u0435\u0437 \u043d\u0430\u0437\u0432\u0430\u043d\u0438\u044f", "assets/images/tashkent_files/test_II.png": "assets\\images\\tashkent_files\\test_II.8879e9444c0f.png", "assets/images/tashkent_files/tilda-animation-2.0.min.css": "assets/images/tashkent_files/tilda-animation-2.0.min.fc7d8c218eed.css", "assets/images/tashkent_files/tilda-animation-2.0.min.js.\u0411\u0435\u0437 \u043d\u0430\u0437\u0432\u0430\u043d\u0438\u044f": "assets\\images\\tashkent_files\\tilda-animation-2.0.min.js.1151892353b2.\u0411\u0435\u0437 \u043d\u0430\u0437\u0432\u0430\u043d\u0438\u044f", "assets/images/tashkent_files/tilda-animation-sbs-1.0.min.js.\u0411\u0435\u0437 \u043d\u0430\u0437\u0432\u0430\u043d\u0438\u044f": "assets\\images\\tashkent_files\\tilda-animation-sbs-1.0.min.js.4cf6fe140f4f.\u0411\u0435\u0437 \u043d\u0430\u0437\u0432\u0430\u043d\u0438\u044f", "assets/images/tashkent_files/tilda-blocks-page31862457.min.css": "assets/images/tashkent_files/tilda-blocks-page31862457.min.d4d8307a1d66.css", "assets/images/tashkent_files/tilda-blocks-page31862457.min.js.\u0411\u0435\u0437 \u043d\u0430\u0437\u0432\u0430\u043d\u0438\u044f": "assets\\images\\tashkent_files\\tilda-blocks-page31862457.min.js.f0a60c4c7e5d.\u0411\u0435\u0437 \u043d\u0430\u0437\u0432\u0430\u043d\u0438\u044f", "assets/images/tashkent_files/tilda-cards-1.0.min.css": "assets/images/tashkent_files/tilda-cards-1.0.min.046cf5dbe65b.css", "assets/images/tashkent_files/tilda-cards-1.0.min.js.\u0411\u0435\u0437 \u043d\u0430\u0437\u0432\u0430\u043d\u0438\u044f": "assets\\images\\tashkent_files\\tilda-cards-1.0.min.js.86e0986a26d3.\u0411\u0435\u0437 \u043d\u0430\u0437\u0432\u0430\u043d\u0438\u044f", "assets/images/tashkent_files/tilda-events-1.0.min.js.\u0411\u0435\u0437 \u043d\u0430\u0437\u0432\u0430\u043d\u0438\u044f": "assets\\images\\tashkent_files\\tilda-events-1.0.min.js.b33c3652b63c.\u0411\u0435\u0437 \u043d\u0430\u0437\u0432\u0430\u043d\u0438\u044f", "assets/images/tashkent_files/tilda-fallback-1.0.min.js.\u0411\u0435\u0437 \u043d\u0430\u0437\u0432\u0430\u043d\u0438\u044f": "assets\\images\\tashkent_files\\tilda-fallback-1.0.min.js.8e582042c3e2.\u0411\u0435\u0437 \u043d\u0430\u0437\u0432\u0430\u043d\u0438\u044f", "assets/images/tashkent_files/tilda-fonts.min.js.\u0411\u0435\u0437 \u043d\u0430\u0437\u0432\u0430\u043d\u0438\u044f": "assets\\images\\tashkent_files\\tilda-fonts.min.js.db59b7178e38.\u0411\u0435\u0437 \u043d\u0430\u0437\u0432\u0430\u043d\u0438\u044f", "assets/images/tashkent_files/tilda-forms-1.0.min.css": "assets/images/tashkent_files/tilda-forms-1.0.min.5f91073c2a0a.css", "assets/images/tashkent_files/tilda-grid-3.0.min.css": "assets/images/tashkent_files/tilda-grid-3.0.min.ffd973cc9b00.css", "assets/images/tashkent_files/tilda-lazyload-1.0.min.js.\u0411\u0435\u0437 \u043d\u0430\u0437\u0432\u0430\u043d\u0438\u044f": "assets\\images\\tashkent_files\\tilda-lazyload-1.0.min.js.0edcd6c3ed61.\u0411\u0435\u0437 \u043d\u0430\u0437\u0432\u0430\u043d\u0438\u044f", "assets/images/tashkent_files/tilda-menu-1.0.min.js.\u0411\u0435\u0437 \u043d\u0430\u0437\u0432\u0430\u043d\u0438\u044f": "assets\\images\\tashkent_files\\tilda-menu-1.0.min.js.3bbd00cab7c5.\u0411\u0435\u0437 \u043d\u0430\u0437\u0432\u0430\u043d\u0438\u044f", "assets/images/tashkent_files/tilda-polyfill-1.0.min.js.\u0411\u0435\u0437 \u043d\u0430\u0437\u0432\u0430\u043d\u0438\u044f": "assets\\images\\tashkent_files\\tilda-polyfill-1.0.min.js.2384bdaa0303.\u0411\u0435\u0437 \u043d\u0430\u0437\u0432\u0430\u043d\u0438\u044f", "assets/images/tashkent_files/tilda-scripts-3.0.min.js.\u0411\u0435\u0437 \u043d\u0430\u0437\u0432\u0430\u043d\u0438\u044f": "assets\\images\\tashkent_files\\tilda-scripts-3.0.min.js.f485fc9258cd.\u0411\u0435\u0437 \u043d\u0430\u0437\u0432\u0430\u043d\u0438\u044f", "assets/images/tashkent_files/tilda-skiplink-1.0.min.js.\u0411\u0435\u0437 \u043d\u0430\u0437\u0432\u0430\u043d\u0438\u044f": "assets\\images\\tashkent_files\\tilda-skiplink-1.0.min.js.ea12dec71e02.\u0411\u0435\u0437 \u043d\u0430\u0437\u0432\u0430\u043d\u0438\u044f", "assets/images/tashkent_files/tilda-slds-1.4.min.css": "assets/images/tashkent_files/tilda-slds-1.4.min.a30efb69003f.css", "assets/images/tashkent_files/tilda-slds-1.4.min.js.\u0411\u0435\u0437 \u043d\u0430\u0437\u0432\u0430\u043d\u0438\u044f": "assets\\images\\tashkent_files\\tilda-slds-1.4.min.js.8a5b43232e2a.\u0411\u0435\u0437 \u043d\u0430\u0437\u0432\u0430\u043d\u0438\u044f", "assets/images/tashkent_files/tilda-stat-1.0.min.js.\u0411\u0435\u0437 \u043d\u0430\u0437\u0432\u0430\u043d\u0438\u044f": "assets\\images\\tashkent_files\\tilda-stat-1.0.min.js.dbd89bab9890.\u0411\u0435\u0437 \u043d\u0430\u0437\u0432\u0430\u043d\u0438\u044f", "assets/images/tashkent_files/tilda-zero-1.1.min.js.\u0411\u0435\u0437 \u043d\u0430\u0437\u0432\u0430\u043d\u0438\u044f": "assets\\images\\tashkent_files\\tilda-zero-1.1.min.js.a37b0f2c4853.\u0411\u0435\u0437 \u043d\u0430\u0437\u0432\u0430\u043d\u0438\u044f", "assets/images/tashkent_files/tilda-zero-gallery-1.0.min.css": "assets/images/tashkent_files/tilda-zero-gallery-1.0.min.0a5d34537b7b.css", "assets/images/tashkent_files/tilda-zero-gallery-1.0.min.js.\u0411\u0435\u0437 \u043d\u0430\u0437\u0432\u0430\u043d\u0438\u044f": "assets\\images\\tashkent_files\\tilda-zero-gallery-1.0.min.js.507643ec7dda.\u0411\u0435\u0437 \u043d\u0430\u0437\u0432\u0430\u043d\u0438\u044f", "assets/images/tashkent_files/tilda-zero-scale-1.0.min.js.\u0411\u0435\u0437 \u043d\u0430\u0437\u0432\u0430\u043d\u0438\u044f": "assets\\images\\tashkent_files\\tilda-zero-scale-1.0.min.js.e07bd59e01c8.\u0411\u0435\u0437 \u043d\u0430\u0437\u0432\u0430\u043d\u0438\u044f", "assets/images/tashkent_files/tilda-zero-video-1.0.min.js.\u0411\u0435\u0437 \u043d\u0430\u0437\u0432\u0430\u043d\u0438\u044f": "assets\\images\\tashkent_files\\tilda-zero-video-1.0.min.js.a10bc7ee8ecb.\u0411\u0435\u0437 \u043d\u0430\u0437\u0432\u0430\u043d\u0438\u044f", "assets/images/tashkent_files/uzlogo_white(1).png": "assets\\images\\tashkent_files\\uzlogo_white(1).3943e9c4e2cc.png", "assets/images/tashkent_files/uzlogo_white(2).png": "assets\\images\\tashkent_files\\uzlogo_white(2).05a2826392e7.png", "assets/images/tashkent_files/uzlogo_white.png": "assets\\images\\tashkent_files\\uzlogo_white.3943e9c4e2cc.png", "assets/images/tashkent_files/uzor_long_new.png": "assets\\images\\tashkent_files\\uzor_long_new.cb5225382d23.png", "assets/images/tashkent_files/xlKxZweINyE.html": "assets\\images\\tashkent_files\\xlKxZweINyE.2cdd2080445c.html", "assets/images/tashkent_files/_.jpg": "assets\\images\\tashkent_files\\_.6e31381600ec.jpg", "assets/images/team/team-1.jpg": "assets\\images\\team\\team-1.332d07b8861d.jpg", "assets/images/team/team-2.jpg": "assets\\images\\team\\team-2.6e916b3354f0.jpg", "assets/images/team/team-3.jpg": "assets\\images\\team\\team-3.a21ce6bd6053.jpg", "assets/images/team/team-4.jpg": "assets\\images\\team\\team-4.1d23ec0ad108.jpg", "assets/images/testimonials/testimonials-1.jpg": "assets\\images\\testimonials\\testimonials-1.2eb96321ab48.jpg", "assets/images/testimonials/testimonials-2.jpg": "assets\\images\\testimonials\\testimonials-2.b6d170186833.jpg", "assets/images/testimonials/testimonials-3.jpg": "assets\\images\\testimonials\\testimonials-3.3d677828b23c.jpg", "assets/images/testimonials/testimonials-4.jpg": "assets\\images\\testimonials\\testimonials-4.08d8679b1e42.jpg", "assets/images/testimonials/testimonials-5.jpg": "assets\\images\\testimonials\\testimonials-5.72fb04435870.jpg", "assets/images/testimonials/testimonials-6.jpg": "assets\\images\\testimonials\\testimonials-6.5d84eb1985ce.jpg", "assets/images/viloyatlar/andijon.jpg": "assets\\images\\viloyatlar\\andijon.15d3071fa88d.jpg", "assets/images/viloyatlar/fargona.jpg": "assets\\images\\viloyatlar\\fargona.be097a893eb2.jpg", "assets/images/viloyatlar/jizax.jpg": "assets\\images\\viloyatlar\\jizax.df24672de586.jpg", "assets/images/viloyatlar/namangan.jpg": "assets\\images\\viloyatlar\\namangan.ba24773f8d53.jpg", "assets/images/viloyatlar/navoi.png": "assets\\images\\viloyatlar\\navoi.348978f6fdab.png", "assets/images/viloyatlar/qashqadaryo.jpg": "assets\\images\\viloyatlar\\qashqadaryo.5949c7b8495e.jpg", "assets/images/viloyatlar/qoraqolpagston.jpg": "assets\\images\\viloyatlar\\qoraqolpagston.cff0477e8f8e.jpg", "assets/images/viloyatlar/samarqand.jpg": "assets\\images\\viloyatlar\\samarqand.74c056a24aa1.jpg", "assets/images/viloyatlar/sirdaryo.jpg": "assets\\images\\viloyatlar\\sirdaryo.b6fa689dd900.jpg", "assets/images/viloyatlar/toshkent.jpg": "assets\\images\\viloyatlar\\toshkent.8b51f58d28c7.jpg", "assets/images/viloyatlar/xorazm.jpg": "assets\\images\\viloyatlar\\xorazm.6ec6d9d97f51.jpg", "assets/img/blog/blog-1.jpg": "assets\\img\\blog\\blog-1.104a9df65e5d.jpg", "assets/img/blog/blog-2.jpg": "assets\\img\\blog\\blog-2.033112e1fcd8.jpg", "assets/img/blog/blog-3.jpg": "assets\\img\\blog\\blog-3.5125d55a8fbf.jpg", "assets/img/blog/blog-4.jpg": "assets\\img\\blog\\blog-4.2dbf8fdc5475.jpg", "assets/img/blog/blog-inside-post.jpg": "assets\\img\\blog\\blog-inside-post.e1d7fedfedc5.jpg", "assets/img/blog/blog-recent-1.jpg": "assets\\img\\blog\\blog-recent-1.0e8571f16a05.jpg", "assets/img/blog/blog-recent-2.jpg": "assets\\img\\blog\\blog-recent-2.b13e3dc2831f.jpg", "assets/img/blog/blog-recent-3.jpg": "assets\\img\\blog\\blog-recent-3.7adff20e2362.jpg", "assets/img/blog/blog-recent-4.jpg": "assets\\img\\blog\\blog-recent-4.8da8efda9c9d.jpg", "assets/img/blog/blog-recent-5.jpg": "assets\\img\\blog\\blog-recent-5.5125d55a8fbf.jpg", "assets/img/blog/comments-1.jpg": "assets\\img\\blog\\comments-1.c38e7ac9d2e3.jpg", "assets/img/blog/comments-2.jpg": "assets\\img\\blog\\comments-2.22c9ae40fa9a.jpg", "assets/img/blog/comments-3.jpg": "assets\\img\\blog\\comments-3.c7beb9734e5b.jpg", "assets/img/blog/comments-4.jpg": "assets\\img\\blog\\comments-4.4396223dba1b.jpg", "assets/img/blog/comments-5.jpg": "assets\\img\\blog\\comments-5.b8e0d3f0967d.jpg", "assets/img/blog/comments-6.jpg": "assets\\img\\blog\\comments-6.a2530c62a2e4.jpg", "assets/img/clients/client-1.png": "assets\\img\\clients\\client-1.7858c8649bf0.png", "assets/img/clients/client-2.png": "assets\\img\\clients\\client-2.a817fd01655e.png", "assets/img/clients/client-3.png": "assets\\img\\clients\\client-3.4ea6a295b35c.png", "assets/img/clients/client-4.png": "assets\\img\\clients\\client-4.10716ed58dca.png", "assets/img/clients/client-5.png": "assets\\img\\clients\\client-5.78bf4efe7858.png", "assets/img/clients/client-6.png": "assets\\img\\clients\\client-6.acc1c102666d.png", "assets/img/hero-carousel/hero-carousel-1.jpg": "assets\\img\\hero-carousel\\hero-carousel-1.1b5898193bb7.jpg", "assets/img/hero-carousel/hero-carousel-2.jpg": "assets\\img\\hero-carousel\\hero-carousel-2.fa793cb16d1c.jpg", "assets/img/hero-carousel/hero-carousel-3.jpg": "assets\\img\\hero-carousel\\hero-carousel-3.895f15496ebb.jpg", "assets/img/masonry-portfolio/masonry-portfolio-1.jpg": "assets\\img\\masonry-portfolio\\masonry-portfolio-1.a768aca7c7ba.jpg", "assets/img/masonry-portfolio/masonry-portfolio-2.jpg": "assets\\img\\masonry-portfolio\\masonry-portfolio-2.bb980365153b.jpg", "assets/img/masonry-portfolio/masonry-portfolio-3.jpg": "assets\\img\\masonry-portfolio\\masonry-portfolio-3.1391bbb5a700.jpg", "assets/img/masonry-portfolio/masonry-portfolio-4.jpg": "assets\\img\\masonry-portfolio\\masonry-portfolio-4.5d93782c74bd.jpg", "assets/img/masonry-portfolio/masonry-portfolio-5.jpg": "assets\\img\\masonry-portfolio\\masonry-portfolio-5.a4e3fca3c782.jpg", "assets/img/masonry-portfolio/masonry-portfolio-6.jpg": "assets\\img\\masonry-portfolio\\masonry-portfolio-6.12be97d49fc5.jpg", "assets/img/masonry-portfolio/masonry-portfolio-7.jpg": "assets\\img\\masonry-portfolio\\masonry-portfolio-7.8c72cb39bb69.jpg", "assets/img/masonry-portfolio/masonry-portfolio-8.jpg": "assets\\img\\masonry-portfolio\\masonry-portfolio-8.5d670bd4b2cd.jpg", "assets/img/masonry-portfolio/masonry-portfolio-9.jpg": "assets\\img\\masonry-portfolio\\masonry-portfolio-9.84b00c0f8a02.jpg", "assets/img/portfolio/app-1.jpg": "assets\\img\\portfolio\\app-1.8665e799dd54.jpg", "assets/img/portfolio/books-1.jpg": "assets\\img\\portfolio\\books-1.fa77ff5b5927.jpg", "assets/img/portfolio/branding-1.jpg": "assets\\img\\portfolio\\branding-1.784653cb6e71.jpg", "assets/img/portfolio/product-1.jpg": "assets\\img\\portfolio\\product-1.0eeac7e89d80.jpg", "assets/img/tabs/tab-1.png": "assets\\img\\tabs\\tab-1.e7d068389b8b.png", "assets/img/tabs/tab-2.png": "assets\\img\\tabs\\tab-2.21b36dd69135.png", "assets/img/tabs/tab-3.png": "assets\\img\\tabs\\tab-3.002ce5717a43.png", "assets/img/tabs/tab-4.png": "assets\\img\\tabs\\tab-4.60f784babaca.png", "assets/img/tabs/tab-5.png": "assets\\img\\tabs\\tab-5.27e7087ae925.png", "assets/img/tashkent_files/1519218157_0-pohod-p.jpg": "assets\\img\\tashkent_files\\1519218157_0-pohod-p.dc5fcf58ea16.jpg", "assets/img/tashkent_files/1_new.png": "assets\\img\\tashkent_files\\1_new.34501b31deda.png", "assets/img/tashkent_files/8-0-0-0-0-1583322935.png": "assets\\img\\tashkent_files\\8-0-0-0-0-1583322935.9ed5519ae1b6.png", "assets/img/tashkent_files/booked-wzs-widget-160x275.css": "assets/img/tashkent_files/booked-wzs-widget-160x275.f742545add16.css", "assets/img/tashkent_files/cloud_033(1).png": "assets\\img\\tashkent_files\\cloud_033(1).34ad2e06f819.png", "assets/img/tashkent_files/cloud_033.png": "assets\\img\\tashkent_files\\cloud_033.acf99e5e5a3e.png", "assets/img/tashkent_files/custom.css": "assets/img/tashkent_files/custom.8c6c38ca162d.css", "assets/img/tashkent_files/hammer.min.js.\u0411\u0435\u0437 \u043d\u0430\u0437\u0432\u0430\u043d\u0438\u044f": "assets\\img\\tashkent_files\\hammer.min.js.deb120e03646.\u0411\u0435\u0437 \u043d\u0430\u0437\u0432\u0430\u043d\u0438\u044f", "assets/img/tashkent_files/IMG_1324.jpg": "assets\\img\\tashkent_files\\IMG_1324.94f65ecbcfbf.jpg", "assets/img/tashkent_files/info": "assets\\img\\tashkent_files\\info.7668c8c91f5f", "assets/img/tashkent_files/info(1)": "assets\\img\\tashkent_files\\info(1).45ae5fd1d0cf", "assets/img/tashkent_files/info(2)": "assets\\img\\tashkent_files\\info(2).3dda618e91e2", "assets/img/tashkent_files/info(3)": "assets\\img\\tashkent_files\\info(3).5d1259280053", "assets/img/tashkent_files/info(4)": "assets\\img\\tashkent_files\\info(4).ad5c49ba6512", "assets/img/tashkent_files/jquery-1.10.2.min.js.\u0411\u0435\u0437 \u043d\u0430\u0437\u0432\u0430\u043d\u0438\u044f": "assets\\img\\tashkent_files\\jquery-1.10.2.min.js.bdce12c949e7.\u0411\u0435\u0437 \u043d\u0430\u0437\u0432\u0430\u043d\u0438\u044f", "assets/img/tashkent_files/Map_II.png": "assets\\img\\tashkent_files\\Map_II.b7804c69fe41.png", "assets/img/tashkent_files/masonry-imagesloaded.min.js.\u0411\u0435\u0437 \u043d\u0430\u0437\u0432\u0430\u043d\u0438\u044f": "assets\\img\\tashkent_files\\masonry-imagesloaded.min.js.3ee330135e3e.\u0411\u0435\u0437 \u043d\u0430\u0437\u0432\u0430\u043d\u0438\u044f", "assets/img/tashkent_files/photo(1).JPG": "assets\\img\\tashkent_files\\photo(1).fe30ac7cfff2.JPG", "assets/img/tashkent_files/photo(2).jpg": "assets\\img\\tashkent_files\\photo(2).5e89657cd841.jpg", "assets/img/tashkent_files/photo.JPG": "assets\\img\\tashkent_files\\photo.94f65ecbcfbf.JPG", "assets/img/tashkent_files/samarkand-2399796_19.jpg": "assets\\img\\tashkent_files\\samarkand-2399796_19.94f65ecbcfbf.jpg", "assets/img/tashkent_files/saved_resource": "assets\\img\\tashkent_files\\saved_resource.10a50de4014b", "assets/img/tashkent_files/tag.js.\u0411\u0435\u0437 \u043d\u0430\u0437\u0432\u0430\u043d\u0438\u044f": "assets\\img\\tashkent_files\\tag.js.1ed982762561.\u0411\u0435\u0437 \u043d\u0430\u0437\u0432\u0430\u043d\u0438\u044f", "assets/img/tashkent_files/test_II.png": "assets\\img\\tashkent_files\\test_II.8879e9444c0f.png", "assets/img/tashkent_files/tilda-animation-2.0.min.css": "assets/img/tashkent_files/tilda-animation-2.0.min.fc7d8c218eed.css", "assets/img/tashkent_files/tilda-animation-2.0.min.js.\u0411\u0435\u0437 \u043d\u0430\u0437\u0432\u0430\u043d\u0438\u044f": "assets\\img\\tashkent_files\\tilda-animation-2.0.min.js.1151892353b2.\u0411\u0435\u0437 \u043d\u0430\u0437\u0432\u0430\u043d\u0438\u044f", "assets/img/tashkent_files/tilda-animation-sbs-1.0.min.js.\u0411\u0435\u0437 \u043d\u0430\u0437\u0432\u0430\u043d\u0438\u044f": "assets\\img\\tashkent_files\\tilda-animation-sbs-1.0.min.js.4cf6fe140f4f.\u0411\u0435\u0437 \u043d\u0430\u0437\u0432\u0430\u043d\u0438\u044f", "assets/img/tashkent_files/tilda-blocks-page31862457.min.css": "assets/img/tashkent_files/tilda-blocks-page31862457.min.d4d8307a1d66.css", "assets/img/tashkent_files/tilda-blocks-page31862457.min.js.\u0411\u0435\u0437 \u043d\u0430\u0437\u0432\u0430\u043d\u0438\u044f": "assets\\img\\tashkent_files\\tilda-blocks-page31862457.min.js.f0a60c4c7e5d.\u0411\u0435\u0437 \u043d\u0430\u0437\u0432\u0430\u043d\u0438\u044f", "assets/img/tashkent_files/tilda-cards-1.0.min.css": "assets/img/tashkent_files/tilda-cards-1.0.min.046cf5dbe65b.css", "assets/img/tashkent_files/tilda-cards-1.0.min.js.\u0411\u0435\u0437 \u043d\u0430\u0437\u0432\u0430\u043d\u0438\u044f": "assets\\img\\tashkent_files\\tilda-cards-1.0.min.js.86e0986a26d3.\u0411\u0435\u0437 \u043d\u0430\u0437\u0432\u0430\u043d\u0438\u044f", "assets/img/tashkent_files/tilda-events-1.0.min.js.\u0411\u0435\u0437 \u043d\u0430\u0437\u0432\u0430\u043d\u0438\u044f": "assets\\img\\tashkent_files\\tilda-events-1.0.min.js.b33c3652b63c.\u0411\u0435\u0437 \u043d\u0430\u0437\u0432\u0430\u043d\u0438\u044f", "assets/img/tashkent_files/tilda-fallback-1.0.min.js.\u0411\u0435\u0437 \u043d\u0430\u0437\u0432\u0430\u043d\u0438\u044f": "assets\\img\\tashkent_files\\tilda-fallback-1.0.min.js.8e582042c3e2.\u0411\u0435\u0437 \u043d\u0430\u0437\u0432\u0430\u043d\u0438\u044f", "assets/img/tashkent_files/tilda-fonts.min.js.\u0411\u0435\u0437 \u043d\u0430\u0437\u0432\u0430\u043d\u0438\u044f": "assets\\img\\tashkent_files\\tilda-fonts.min.js.db59b7178e38.\u0411\u0435\u0437 \u043d\u0430\u0437\u0432\u0430\u043d\u0438\u044f", "assets/img/tashkent_files/tilda-forms-1.0.min.css": "assets/img/tashkent_files/tilda-forms-1.0.min.5f91073c2a0a.css", "assets/img/tashkent_files/tilda-grid-3.0.min.css": "assets/img/tashkent_files/tilda-grid-3.0.min.ffd973cc9b00.css", "assets/img/tashkent_files/tilda-lazyload-1.0.min.js.\u0411\u0435\u0437 \u043d\u0430\u0437\u0432\u0430\u043d\u0438\u044f": "assets\\img\\tashkent_files\\tilda-lazyload-1.0.min.js.0edcd6c3ed61.\u0411\u0435\u0437 \u043d\u0430\u0437\u0432\u0430\u043d\u0438\u044f", "assets/img/tashkent_files/tilda-menu-1.0.min.js.\u0411\u0435\u0437 \u043d\u0430\u0437\u0432\u0430\u043d\u0438\u044f": "assets\\img\\tashkent_files\\tilda-menu-1.0.min.js.3bbd00cab7c5.\u0411\u0435\u0437 \u043d\u0430\u0437\u0432\u0430\u043d\u0438\u044f", "assets/img/tashkent_files/tilda-polyfill-1.0.min.js.\u0411\u0435\u0437 \u043d\u0430\u0437\u0432\u0430\u043d\u0438\u044f": "assets\\img\\tashkent_files\\tilda-polyfill-1.0.min.js.2384bdaa0303.\u0411\u0435\u0437 \u043d\u0430\u0437\u0432\u0430\u043d\u0438\u044f", "assets/img/tashkent_files/tilda-scripts-3.0.min.js.\u0411\u0435\u0437 \u043d\u0430\u0437\u0432\u0430\u043d\u0438\u044f": "assets\\img\\tashkent_files\\tilda-scripts-3.0.min.js.f485fc9258cd.\u0411\u0435\u0437 \u043d\u0430\u0437\u0432\u0430\u043d\u0438\u044f", "assets/img/tashkent_files/tilda-skiplink-1.0.min.js.\u0411\u0435\u0437 \u043d\u0430\u0437\u0432\u0430\u043d\u0438\u044f": "assets\\img\\tashkent_files\\tilda-skiplink-1.0.min.js.ea12dec71e02.\u0411\u0435\u0437 \u043d\u0430\u0437\u0432\u0430\u043d\u0438\u044f", "assets/img/tashkent_files/tilda-slds-1.4.min.css": "assets/img/tashkent_files/tilda-slds-1.4.min.a30efb69003f.css", "assets/img/tashkent_files/tilda-slds-1.4.min.js.\u0411\u0435\u0437 \u043d\u0430\u0437\u0432\u0430\u043d\u0438\u044f": "assets\\img\\tashkent_files\\tilda-slds-1.4.min.js.8a5b43232e2a.\u0411\u0435\u0437 \u043d\u0430\u0437\u0432\u0430\u043d\u0438\u044f", "assets/img/tashkent_files/tilda-stat-1.0.min.js.\u0411\u0435\u0437 \u043d\u0430\u0437\u0432\u0430\u043d\u0438\u044f": "assets\\img\\tashkent_files\\tilda-stat-1.0.min.js.dbd89bab9890.\u0411\u0435\u0437 \u043d\u0430\u0437\u0432\u0430\u043d\u0438\u044f", "assets/img/tashkent_files/tilda-zero-1.1.min.js.\u0411\u0435\u0437 \u043d\u0430\u0437\u0432\u0430\u043d\u0438\u044f": "assets\\img\\tashkent_files\\tilda-zero-1.1.min.js.a37b0f2c4853.\u0411\u0435\u0437 \u043d\u0430\u0437\u0432\u0430\u043d\u0438\u044f", "assets/img/tashkent_files/tilda-zero-gallery-1.0.min.css": "assets/img/tashkent_files/tilda-zero-gallery-1.0.min.0a5d34537b7b.css", "assets/img/tashkent_files/tilda-zero-gallery-1.0.min.js.\u0411\u0435\u0437 \u043d\u0430\u0437\u0432\u0430\u043d\u0438\u044f": "assets\\img\\tashkent_files\\tilda-zero-gallery-1.0.min.js.507643ec7dda.\u0411\u0435\u0437 \u043d\u0430\u0437\u0432\u0430\u043d\u0438\u044f", "assets/img/tashkent_files/tilda-zero-scale-1.0.min.js.\u0411\u0435\u0437 \u043d\u0430\u0437\u0432\u0430\u043d\u0438\u044f": "assets\\img\\tashkent_files\\tilda-zero-scale-1.0.min.js.e07bd59e01c8.\u0411\u0435\u0437 \u043d\u0430\u0437\u0432\u0430\u043d\u0438\u044f", "assets/img/tashkent_files/tilda-zero-video-1.0.min.js.\u0411\u0435\u0437 \u043d\u0430\u0437\u0432\u0430\u043d\u0438\u044f": "assets\\img\\tashkent_files\\tilda-zero-video-1.0.min.js.a10bc7ee8ecb.\u0411\u0435\u0437 \u043d\u0430\u0437\u0432\u0430\u043d\u0438\u044f", "assets/img/tashkent_files/uzlogo_white(1).png": "assets\\img\\tashkent_files\\uzlogo_white(1).3943e9c4e2cc.png", "assets/img/tashkent_files/uzlogo_white(2).png": "assets\\img\\tashkent_files\\uzlogo_white(2).05a2826392e7.png", "assets/img/tashkent_files/uzlogo_white.png": "assets\\img\\tashkent_files\\uzlogo_white.3943e9c4e2cc.png", "assets/img/tashkent_files/uzor_long_new.png": "assets\\img\\tashkent_files\\uzor_long_new.cb5225382d23.png", "assets/img/tashkent_files/xlKxZweINyE.html": "assets\\img\\tashkent_files\\xlKxZweINyE.2cdd2080445c.html", "assets/img/tashkent_files/_.jpg": "assets\\img\\tashkent_files\\_.6e31381600ec.jpg", "assets/img/team/team-1.jpg": "assets\\img\\team\\team-1.332d07b8861d.jpg", "assets/img/team/team-2.jpg": "assets\\img\\team\\team-2.6e916b3354f0.jpg", "assets/img/team/team-3.jpg": "assets\\img\\team\\team-3.a21ce6bd6053.jpg", "assets/img/team/team-4.jpg": "assets\\img\\team\\team-4.1d23ec0ad108.jpg", "assets/img/testimonials/testimonials-1.jpg": "assets\\img\\testimonials\\testimonials-1.2eb96321ab48.jpg", "assets/img/testimonials/testimonials-2.jpg": "assets\\img\\testimonials\\testimonials-2.b6d170186833.jpg", "assets/img/testimonials/testimonials-3.jpg": "assets\\img\\testimonials\\testimonials-3.3d677828b23c.jpg", "assets/img/testimonials/testimonials-4.jpg": "assets\\img\\testimonials\\testimonials-4.08d8679b1e42.jpg", "assets/img/testimonials/testimonials-5.jpg": "assets\\img\\testimonials\\testimonials-5.72fb04435870.jpg", "assets/img/testimonials/testimonials-6.jpg": "assets\\img\\testimonials\\testimonials-6.5d84eb1985ce.jpg", "assets/img/viloyatlar/andijon.jpg": "assets\\img\\viloyatlar\\andijon.15d3071fa88d.jpg", "assets/img/viloyatlar/fargona.jpg": "assets\\img\\viloyatlar\\fargona.be097a893eb2.jpg", "assets/img/viloyatlar/jizax.jpg": "assets\\img\\viloyatlar\\jizax.df24672de586.jpg", "assets/img/viloyatlar/namangan.jpg": "assets\\img\\viloyatlar\\namangan.ba24773f8d53.jpg", "assets/img/viloyatlar/navoi.png": "assets\\img\\viloyatlar\\navoi.348978f6fdab.png", "assets/img/viloyatlar/qashqadaryo.jpg": "assets\\img\\viloyatlar\\qashqadaryo.5949c7b8495e.jpg", "assets/img/viloyatlar/qoraqolpagston.jpg": "assets\\img\\viloyatlar\\qoraqolpagston.cff0477e8f8e.jpg", "assets/img/viloyatlar/samarqand.jpg": "assets\\img\\viloyatlar\\samarqand.74c056a24aa1.jpg", "assets/img/viloyatlar/sirdaryo.jpg": "assets\\img\\viloyatlar\\sirdaryo.b6fa689dd900.jpg", "assets/img/viloyatlar/toshkent.jpg": "assets\\img\\viloyatlar\\toshkent.8b51f58d28c7.jpg", "assets/img/viloyatlar/xorazm.jpg": "assets\\img\\viloyatlar\\xorazm.6ec6d9d97f51.jpg", "assets/vendor/aos/aos.cjs.js": "assets/vendor/aos/aos.cjs.d9f4c76336e2.js", "assets/vendor/aos/aos.css": "assets/vendor/aos/aos.6bb554531803.css", "assets/vendor/aos/aos.esm.js": "assets/vendor/aos/aos.esm.b3eeb124f7ed.js", "assets/vendor/aos/aos.js": "assets/vendor/aos/aos.aa20b6e0418d.js", "assets/vendor/aos/aos.js.map": "assets\\vendor\\aos\\aos.js.b61a352e956c.map", "assets/vendor/bootstrap-icons/bootstrap-icons.css": "assets/vendor/bootstrap-icons/bootstrap-icons.4687b01d2564.css", "assets/vendor/bootstrap-icons/bootstrap-icons.json": "assets\\vendor\\bootstrap-icons\\bootstrap-icons.a18d7e2beeb2.json", "assets/vendor/bootstrap-icons/bootstrap-icons.min.css": "assets/vendor/bootstrap-icons/bootstrap-icons.min.c31189a001e6.css", "assets/vendor/bootstrap-icons/bootstrap-icons.scss": "assets\\vendor\\bootstrap-icons\\bootstrap-icons.8f56d415ac26.scss", "assets/vendor/imagesloaded/imagesloaded.pkgd.min.js": "assets/vendor/imagesloaded/imagesloaded.pkgd.min.919bcd36ba45.js", "assets/vendor/isotope-layout/isotope.pkgd.js": "assets/vendor/isotope-layout/isotope.pkgd.8896e082b3fa.js", "assets/vendor/isotope-layout/isotope.pkgd.min.js": "assets/vendor/isotope-layout/isotope.pkgd.min.2afcff647ed2.js", "assets/vendor/purecounter/purecounter_vanilla.js": "assets/vendor/purecounter/purecounter_vanilla.9b0a554854ab.js", "assets/vendor/purecounter/purecounter_vanilla.js.map": "assets\\vendor\\purecounter\\purecounter_vanilla.js.5aacc5b6c44e.map", "assets/vendor/swiper/swiper-bundle.min.css": "assets/vendor/swiper/swiper-bundle.min.11fd86632ad0.css", "assets/vendor/swiper/swiper-bundle.min.js": "assets/vendor/swiper/swiper-bundle.min.c43bc56b31ac.js", "assets/vendor/swiper/swiper-bundle.min.js.map": "assets\\vendor\\swiper\\swiper-bundle.min.js.4b483b4fab2d.map", "assets/vendor/waypoints/noframework.waypoints.js": "assets/vendor/waypoints/noframework.waypoints.8c601d5f892e.js", "jazzmin/plugins/bootstrap-show-modal/bootstrap-show-modal.min.js": "jazzmin/plugins/bootstrap-show-modal/bootstrap-show-modal.min.ccb42b054814.js", "vendor/adminlte/css/adminlte.min.css": "vendor/adminlte/css/adminlte.min.37aa1bb734e4.css", "vendor/adminlte/css/adminlte.min.css.map": "vendor\\adminlte\\css\\adminlte.min.css.913b65a84402.map", "vendor/adminlte/img/AdminLTELogo.png": "vendor\\adminlte\\img\\AdminLTELogo.ca1dcf584d75.png", "vendor/adminlte/img/icons.png": "vendor\\adminlte\\img\\icons.cd1c5909cd09.png", "vendor/adminlte/img/user2-160x160.jpg": "vendor\\adminlte\\img\\user2-160x160.abda1de5001b.jpg", "vendor/adminlte/js/adminlte.min.js": "vendor/adminlte/js/adminlte.min.f3266ba33fca.js", "vendor/adminlte/js/adminlte.min.js.map": "vendor\\adminlte\\js\\adminlte.min.js.6bffd73625d6.map", "vendor/bootstrap/js/bootstrap.min.js": "vendor/bootstrap/js/bootstrap.min.9dcd9b21766b.js", "vendor/bootstrap/js/bootstrap.min.js.map": "vendor\\bootstrap\\js\\bootstrap.min.js.88b1b3454b97.map", "vendor/bootswatch/cerulean/bootstrap.min.css": "vendor/bootswatch/cerulean/bootstrap.min.3c8c23470f53.css", "vendor/bootswatch/cosmo/bootstrap.min.css": "vendor/bootswatch/cosmo/bootstrap.min.039ad78474a5.css", "vendor/bootswatch/cyborg/bootstrap.min.css": "vendor/bootswatch/cyborg/bootstrap.min.ce3f719cb63e.css", "vendor/bootswatch/darkly/bootstrap.min.css": "vendor/bootswatch/darkly/bootstrap.min.7c535026a93a.css", "vendor/bootswatch/default/bootstrap.min.css": "vendor/bootswatch/default/bootstrap.min.56a2daefedc7.css", "vendor/bootswatch/flatly/bootstrap.min.css": "vendor/bootswatch/flatly/bootstrap.min.41d7fde23c9d.css", "vendor/bootswatch/journal/bootstrap.min.css": "vendor/bootswatch/journal/bootstrap.min.b9da48eb0f1d.css", "vendor/bootswatch/litera/bootstrap.min.css": "vendor/bootswatch/litera/bootstrap.min.3f3f2f85980d.css", "vendor/bootswatch/lumen/bootstrap.min.css": "vendor/bootswatch/lumen/bootstrap.min.c7dc4dd8e294.css", "vendor/bootswatch/lux/bootstrap.min.css": "vendor/bootswatch/lux/bootstrap.min.8de413fffc37.css", "vendor/bootswatch/materia/bootstrap.min.css": "vendor/bootswatch/materia/bootstrap.min.9a68e649ed05.css", "vendor/bootswatch/minty/bootstrap.min.css": "vendor/bootswatch/minty/bootstrap.min.b239dbb9e5e6.css", "vendor/bootswatch/pulse/bootstrap.min.css": "vendor/bootswatch/pulse/bootstrap.min.f9c9fa299f5e.css", "vendor/bootswatch/sandstone/bootstrap.min.css": "vendor/bootswatch/sandstone/bootstrap.min.7d1f1c61d89e.css", "vendor/bootswatch/simplex/bootstrap.min.css": "vendor/bootswatch/simplex/bootstrap.min.9e236a0b5e00.css", "vendor/bootswatch/sketchy/bootstrap.min.css": "vendor/bootswatch/sketchy/bootstrap.min.88c6e4095583.css", "vendor/bootswatch/slate/bootstrap.min.css": "vendor/bootswatch/slate/bootstrap.min.ae15f595b05c.css", "vendor/bootswatch/solar/bootstrap.min.css": "vendor/bootswatch/solar/bootstrap.min.198ef0d13070.css", "vendor/bootswatch/spacelab/bootstrap.min.css": "vendor/bootswatch/spacelab/bootstrap.min.e97aa0d03017.css", "vendor/bootswatch/superhero/bootstrap.min.css": "vendor/bootswatch/superhero/bootstrap.min.6f5599014a4d.css", "vendor/bootswatch/united/bootstrap.min.css": "vendor/bootswatch/united/bootstrap.min.4aac1238791f.css", "vendor/bootswatch/yeti/bootstrap.min.css": "vendor/bootswatch/yeti/bootstrap.min.18b640625a6a.css", "vendor/fontawesome-free/css/all.min.css": "vendor/fontawesome-free/css/all.min.b7739c263f52.css", "vendor/fontawesome-free/webfonts/fa-brands-400.eot": "vendor\\fontawesome-free\\webfonts\\fa-brands-400.30cc681d4487.eot", "vendor/fontawesome-free/webfonts/fa-brands-400.svg": "vendor\\fontawesome-free\\webfonts\\fa-brands-400.ba7ed552362f.svg", "vendor/fontawesome-free/webfonts/fa-brands-400.ttf": "vendor\\fontawesome-free\\webfonts\\fa-brands-400.3b89dd103490.ttf", "vendor/fontawesome-free/webfonts/fa-brands-400.woff": "vendor\\fontawesome-free\\webfonts\\fa-brands-400.099a9556e1a6.woff", "vendor/fontawesome-free/webfonts/fa-brands-400.woff2": "vendor\\fontawesome-free\\webfonts\\fa-brands-400.f7307680c7fe.woff2", "vendor/fontawesome-free/webfonts/fa-regular-400.eot": "vendor\\fontawesome-free\\webfonts\\fa-regular-400.7630483dd4b0.eot", "vendor/fontawesome-free/webfonts/fa-regular-400.svg": "vendor\\fontawesome-free\\webfonts\\fa-regular-400.0bb428459c8e.svg", "vendor/fontawesome-free/webfonts/fa-regular-400.ttf": "vendor\\fontawesome-free\\webfonts\\fa-regular-400.1f77739ca9ff.ttf", "vendor/fontawesome-free/webfonts/fa-regular-400.woff": "vendor\\fontawesome-free\\webfonts\\fa-regular-400.7124eb50fc82.woff", "vendor/fontawesome-free/webfonts/fa-regular-400.woff2": "vendor\\fontawesome-free\\webfonts\\fa-regular-400.f0f823011699.woff2", "vendor/fontawesome-free/webfonts/fa-solid-900.eot": "vendor\\fontawesome-free\\webfonts\\fa-solid-900.1042e8ca1ce8.eot", "vendor/fontawesome-free/webfonts/fa-solid-900.svg": "vendor\\fontawesome-free\\webfonts\\fa-solid-900.376c1f97f655.svg", "vendor/fontawesome-free/webfonts/fa-solid-900.ttf": "vendor\\fontawesome-free\\webfonts\\fa-solid-900.605ed7926cf3.ttf", "vendor/fontawesome-free/webfonts/fa-solid-900.woff": "vendor\\fontawesome-free\\webfonts\\fa-solid-900.9fe5a17c8ab0.woff", "vendor/fontawesome-free/webfonts/fa-solid-900.woff2": "vendor\\fontawesome-free\\webfonts\\fa-solid-900.e8a427e15cc5.woff2", "vendor/select2/css/select2.min.css": "vendor/select2/css/select2.min.e71c39430469.css", "vendor/select2/js/select2.min.js": "vendor/select2/js/select2.min.3e6e33cd306b.js", "admin/img/gis/move_vertex_off.svg": "admin\\img\\gis\\move_vertex_off.7a23bf31ef8a.svg", "admin/img/gis/move_vertex_on.svg": "admin\\img\\gis\\move_vertex_on.0047eba25b67.svg", "admin/js/admin/DateTimeShortcuts.js": "admin/js/admin/DateTimeShortcuts.9f6e209cebca.js", "admin/js/admin/RelatedObjectLookups.js": "admin/js/admin/RelatedObjectLookups.ef211845e458.js", "assets/css/bootstrap.css": "assets/css/bootstrap.593a7480c439.css", "assets/css/codeopen1.css": "assets/css/codeopen1.cd37f4763865.css", "assets/css/main.css": "assets/css/main.be9205f0c981.css", "assets/css/provions.css": "assets/css/provions.4f5d62930b75.css", "assets/css/signin.css": "assets/css/signin.221696a26d47.css", "assets/images/about-bg.png": "assets\\images\\about-bg.600983a43729.png", "assets/images/about-portrait.jpg": "assets\\images\\about-portrait.d810d93577b1.jpg", "assets/images/apple-touch-icon.png": "assets\\images\\apple-touch-icon.8379572b8503.png", "assets/images/buk.jpg": "assets\\images\\buk.f388bd782069.jpg", "assets/images/kh.jpg": "assets\\images\\kh.6e8691cceb74.jpg", "assets/images/me.jpg": "assets\\images\\me.19e617fd7de2.jpg", "assets/images/samarkand1.jpg": "assets\\images\\samarkand1.e923164d51ac.jpg", "assets/images/services.jpg": "assets\\images\\services.5f5490c67344.jpg", "assets/images/tashkent-city.htm": "assets\\images\\tashkent-city.b8bac45bf168.htm", "assets/images/tashkent.jpg": "assets\\images\\tashkent.3bec546fb4d9.jpg", "assets/img/about-bg.png": "assets\\img\\about-bg.600983a43729.png", "assets/img/about-portrait.jpg": "assets\\img\\about-portrait.d810d93577b1.jpg", "assets/img/apple-touch-icon.png": "assets\\img\\apple-touch-icon.8379572b8503.png", "assets/img/buk.jpg": "assets\\img\\buk.f388bd782069.jpg", "assets/img/kh.jpg": "assets\\img\\kh.6e8691cceb74.jpg", "assets/img/me.jpg": "assets\\img\\me.19e617fd7de2.jpg", "assets/img/samarkand1.jpg": "assets\\img\\samarkand1.e923164d51ac.jpg", "assets/img/services.jpg": "assets\\img\\services.5f5490c67344.jpg", "assets/img/tashkent-city.htm": "assets\\img\\tashkent-city.b8bac45bf168.htm", "assets/img/tashkent.jpg": "assets\\img\\tashkent.3bec546fb4d9.jpg", "assets/js/main.js": "assets/js/main.4b8524b8a867.js", "assets/js/provions.js": "assets/js/provions.328765f7d369.js", "assets/js/sign.js": "assets/js/sign.88d115fb7c27.js", "admin/js/cancel.js": "admin/js/cancel.8367e564ac40.js", "admin/js/popup_response.js": "admin/js/popup_response.9454eacaef07.js", "jazzmin/css/main.css": "jazzmin/css/main.cf2fffa061df.css", "jazzmin/img/calendar-icons.svg": "jazzmin\\img\\calendar-icons.39b290681a8b.svg", "jazzmin/img/default-log.svg": "jazzmin\\img\\default-log.5f716e688936.svg", "jazzmin/img/default.jpg": "jazzmin\\img\\default.eafc49f5f1b4.jpg", "jazzmin/img/icon-calendar.svg": "jazzmin\\img\\icon-calendar.ac7aea671bea.svg", "jazzmin/img/icon-changelink.svg": "jazzmin\\img\\icon-changelink.18d2fd706348.svg", "jazzmin/img/selector-icons.svg": "jazzmin\\img\\selector-icons.b4555096cea2.svg", "jazzmin/js/change_form.js": "jazzmin/js/change_form.eceb0685ea6b.js", "jazzmin/js/change_list.js": "jazzmin/js/change_list.2eae2b0ceeb1.js", "jazzmin/js/main.js": "jazzmin/js/main.6e1d05b7124e.js", "jazzmin/js/related-modal.js": "jazzmin/js/related-modal.de3109c39eaf.js", "jazzmin/js/ui-builder.js": "jazzmin/js/ui-builder.aceb68a42987.js", "admin/css/autocomplete.css": "admin/css/autocomplete.4a81fc4242d0.css", "admin/css/base.css": "admin/css/base.9f65b5cd54b3.css", "admin/css/changelists.css": "admin/css/changelists.47cb433b29d4.css", "admin/css/dark_mode.css": "admin/css/dark_mode.e18e9a052429.css", "admin/css/dashboard.css": "admin/css/dashboard.e90f2068217b.css", "admin/css/forms.css": "admin/css/forms.b29a0c8c9155.css", "admin/css/login.css": "admin/css/login.586129c60a93.css", "admin/css/nav_sidebar.css": "admin/css/nav_sidebar.dd925738f4cc.css", "admin/css/responsive.css": "admin/css/responsive.eafb93ff084c.css", "admin/css/responsive_rtl.css": "admin/css/responsive_rtl.7d1130848605.css", "admin/css/rtl.css": "admin/css/rtl.aa92d763340b.css", "admin/css/widgets.css": "admin/css/widgets.8a70ea6d8850.css", "admin/img/calendar-icons.svg": "admin\\img\\calendar-icons.39b290681a8b.svg", "admin/img/icon-addlink.svg": "admin\\img\\icon-addlink.d519b3bab011.svg", "admin/img/icon-alert.svg": "admin\\img\\icon-alert.034cc7d8a67f.svg", "admin/img/icon-calendar.svg": "admin\\img\\icon-calendar.ac7aea671bea.svg", "admin/img/icon-changelink.svg": "admin\\img\\icon-changelink.18d2fd706348.svg", "admin/img/icon-clock.svg": "admin\\img\\icon-clock.e1d4dfac3f2b.svg", "admin/img/icon-deletelink.svg": "admin\\img\\icon-deletelink.564ef9dc3854.svg", "admin/img/icon-hidelink.svg": "admin\\img\\icon-hidelink.8d245a995e18.svg", "admin/img/icon-no.svg": "admin\\img\\icon-no.439e821418cd.svg", "admin/img/icon-unknown-alt.svg": "admin\\img\\icon-unknown-alt.81536e128bb6.svg", "admin/img/icon-unknown.svg": "admin\\img\\icon-unknown.a18cb4398978.svg", "admin/img/icon-viewlink.svg": "admin\\img\\icon-viewlink.41eb31f7826e.svg", "admin/img/icon-yes.svg": "admin\\img\\icon-yes.d2f9f035226a.svg", "admin/img/inline-delete.svg": "admin\\img\\inline-delete.fec1b761f254.svg", "admin/img/LICENSE": "admin\\img\\LICENSE.2c54f4e1ca1c", "admin/img/README.txt": "admin\\img\\README.a70711a38d87.txt", "admin/img/search.svg": "admin\\img\\search.7cf54ff789c6.svg", "admin/img/selector-icons.svg": "admin\\img\\selector-icons.b4555096cea2.svg", "admin/img/sorting-icons.svg": "admin\\img\\sorting-icons.3a097b59f104.svg", "admin/img/tooltag-add.svg": "admin\\img\\tooltag-add.e59d620a9742.svg", "admin/img/tooltag-arrowright.svg": "admin\\img\\tooltag-arrowright.bbfb788a849e.svg", "admin/js/actions.js": "admin/js/actions.867b023a736d.js", "admin/js/autocomplete.js": "admin/js/autocomplete.01591ab27be7.js", "admin/js/calendar.js": "admin/js/calendar.d64496bbf46d.js", "admin/js/change_form.js": "admin/js/change_form.9d8ca4f96b75.js", "admin/js/collapse.js": "admin/js/collapse.f84e7410290f.js", "admin/js/core.js": "admin/js/core.7e257fdf56dc.js", "admin/js/filters.js": "admin/js/filters.0e360b7a9f80.js", "admin/js/inlines.js": "admin/js/inlines.22d4d93c00b4.js", "admin/js/jquery.init.js": "admin/js/jquery.init.b7781a0897fc.js", "admin/js/nav_sidebar.js": "admin/js/nav_sidebar.3b9190d420b1.js", "admin/js/prepopulate.js": "admin/js/prepopulate.bd2361dfd64d.js", "admin/js/prepopulate_init.js": "admin/js/prepopulate_init.6cac7f3105b8.js", "admin/js/SelectBox.js": "admin/js/SelectBox.7d3ce5a98007.js", "admin/js/SelectFilter2.js": "admin/js/SelectFilter2.b8cf7343ff9e.js", "admin/js/theme.js": "admin/js/theme.ab270f56bb9c.js", "admin/js/urlify.js": "admin/js/urlify.ae970a820212.js"}, "version": "1.1", "hash": "f9d161319233"}